102906-001-005, 6127344
102906-001-006, 6116194
102906-001-007, 6116194
102906-001-017, 6184904
103165-001-001, 4195546
103165-001-002, 4631731
103165-001-003, 5857417
103165-001-004, 4631774
103165-001-005, 6792643
103165-001-006, 4631741
103165-001-007, 6079493
103165-001-008, 4631758
103165-001-009, 32643836
103165-001-010, 5998922
103165-001-011, 5998991
103165-001-012, 32643836
103165-001-013, 4631766
103165-001-015, 5998981
103165-001-016, 5306666
103165-001-017, 4065637
103165-001-018, 4631723
103165-001-019, 21007721
103165-001-020, 6045859
103165-002-002, 33377023
103165-002-003, 6183653
103165-002-004, 3264976
103165-002-005, 6183661
103165-002-007, 5876159
103165-002-008, 32741989
103165-002-009, 5398951
103165-002-011, 99907708
103165-003-002, 6045859
103165-003-004, 33320609
103165-003-006, 33478238
103165-003-008, 33013246
103165-003-012, 6934090
103165-003-014, 34147449
103165-003-015, 32945551
103165-003-016, 4063308
103165-008-001, 33478182
103165-008-002, 4245144
103165-008-003, 32624821
103165-008-004, 5657423
103165-008-005, 33492216
103165-008-006, 5875017
103165-008-007, 32726561
103165-008-008, 34186309
103165-008-009, 34186333
103165-008-010, 6169941
103165-008-011, 6045859
103165-009-001, 34004763
103165-009-002, 33226137
103165-009-003, 34008430
103165-009-004, 5379515
103165-009-005, 34173268
103165-009-006, 6169800
103165-009-007, 6169851
103165-009-008, 6169819
103165-009-009, 39392971
103165-009-010, 6169827
103165-009-011, 6184998
103165-009-012, 5379443
103165-009-013, 39392515
103165-009-014, 33289605
103165-009-015, 33194534
103165-009-016, 39393024
103165-012-001, 33558609
103165-012-002, 33558596
103165-012-003, 32653989
103165-012-004, 32654359
103165-012-005, 32654340
103165-012-006, 33448733
103165-012-007, 6169704
103165-012-008, 33483416
103165-012-009, 33483416
103165-012-010, 6169691
103165-012-011, 39832277
103165-012-012, 32654375
103165-012-013, 33558588
103165-013-001, 33798565
103165-013-002, 36301825
103165-013-003, 32892752
103165-013-004, 33388072
103165-013-005, 32654316
103165-013-006, 34019922
103165-013-007, 4062970
103165-013-008, 39832349
103165-013-009, 3372101
103165-013-010, 36301817
103165-013-011, 09
103165-013-012, 90
103165-013-013, 90
103165-013-014, 90
103165-013-015, 33483416
103165-014-002, 32820644
103165-015-001, 34155780
103165-015-002, 39557340
103165-015-003, 33485550
103165-015-004, 39834264
103165-015-005, 39834264
103165-015-006, 39834264
103165-016-001, 5377781
103165-016-002, 36382143
103165-016-003, 33224651
103165-016-004, 38763636
103165-016-005, 33841164
103165-016-006, 38763601
103165-016-007, 33841172
103165-016-008, 33841180
103165-016-009, 38762094
103165-016-010, 38763611
103165-016-011, 34172644
103165-018-001, 33224811
103165-018-002, 32654148
103165-018-003, 33224801
103165-018-004, 36382186
103165-018-005, 36382178
103165-018-006, 39831709
103165-018-007, 36382161
103165-018-008, 36266505
103165-018-009, 36382151
103165-018-010, 36380703
103165-018-011, 36380690
103165-018-012, 39468508
103165-018-013, 36382194
103165-018-014, 6934744
103165-018-015, 33200877
103165-018-016, 38764495
103165-018-017, 33267596
103165-018-018, 33224780
103165-018-019, 38587505
103165-019-001, 38587505
103165-019-002, 38587505
103165-019-003, 38587505
103165-019-004, 38587505
103165-019-005, 38587505
103165-019-006, 38587505
103165-019-007, 38587505
103165-019-008, 38587505
103165-019-009, 38587505
103165-019-010, 38587505
103165-019-011, 38587505
103165-019-012, 38587505
103165-019-013, 38587505
103165-019-014, 34171342
103165-019-015, 33224756
103165-019-016, 32653575
103165-019-017, 33224748
103165-019-018, 32653970
103165-019-019, 33224764
103165-019-020, 4062137
103165-019-021, 38764460
103165-019-022, 33224731
103165-019-024, 39468331
103165-019-025, 39398335
103165-019-026, 33224721
103165-020-001, 94
103165-020-002, 00
103165-020-004, 97
103165-020-005, 97
103165-020-006, 02
103165-020-018, 17
103165-020-019, 17
103165-022-002, 21007721
103165-022-003, 33195721
103165-022-005, 39831696
103165-022-006, 39615061
103165-022-007, 39398361
103165-027-001, 6047395
103165-027-002, 39755224
103165-027-003, 4284911
103165-027-004, 4062049
103165-027-005, 6144523
103165-027-006, 32534920
103165-027-007, 5998981
103165-027-008, 39832197
103165-027-009, 6144515
103165-027-010, 32607982
103165-029-001, 32691977
103165-029-002, 39056079
103165-029-004, 33432504
103165-029-005, 39616419
103165-029-006, 39056044
103165-029-007, 32812740
103165-029-008, 33045512
103165-029-009, 33045512
103165-029-011, 33482907
103165-029-012, 6144494
103165-029-013, 39751725
103165-033-002, 32534939
103165-033-004, 32813153
103165-033-005, 32521951
103165-033-006, 38776461
103165-033-007, 38776461
103165-033-008, 38589949
103165-033-009, 33790811
103165-033-010, 32653962
103165-033-011, 39831602
103165-033-012, 4631731
103165-035-001, 38621195
103165-035-003, 39475177
103165-035-004, 32661188
103165-035-005, 32661171
103165-035-006, 36141745
103165-035-008, 33610622
103165-035-009, 33610497
103165-039-001, 38771505
103165-039-002, 39614544
103165-039-003, 32520641
103165-039-004, 33610411
103165-040-001, 33288901
103165-040-002, 33288911
103165-040-003, 32520641
103165-040-004, 33993176
103165-040-005, 39976860
103165-041-001, 38886230
103165-041-002, 38886230
103165-041-003, 38886257
103165-041-004, 38886257
103165-041-005, 38886177
103165-041-006, 38886177
103165-041-007, 39976836
103165-041-008, 39976836
103165-041-009, 33194630
103165-041-010, 33194630
103165-041-011, 33194622
103165-041-012, 33194622
103165-041-013, 39563361
103165-041-014, 39563361
103165-041-015, 38890029
103165-041-016, 38890029
103165-041-017, 39058293
103165-041-018, 39058293
103165-041-019, 38887532
103165-041-020, 38887532
103165-041-021, 38887532
103165-041-022, 38887532
103165-041-023, 38887559
103165-041-024, 38887559
103165-041-025, 39070153
103165-041-026, 39070153
103165-041-027, 39070153
103165-041-028, 39070153
103165-041-029, 39070153
103165-043-001, 39563371
103165-043-002, 39563388
103165-043-003, 39563388
103165-043-006, 36132654
103165-043-007, 36132638
103165-043-008, 36132638
103165-043-009, 39963015
103165-043-010, 39963015
103165-043-011, 39070014
103165-043-012, 39070014
103165-043-013, 39962442
103165-043-014, 39962442
103165-043-015, 39941430
103165-043-016, 39941430
103165-043-017, 39941625
103165-043-018, 39941625
103165-043-019, 39941668
103165-043-020, 39941668
103165-043-021, 36132726
103165-043-022, 39941596
103165-043-023, 39941596
103165-043-024, 39941617
103165-043-025, 39941617
103165-043-026, 39941641
103165-043-027, 39941641
103165-043-028, 39070022
103165-043-029, 39070022
103165-043-030, 39070030
103165-043-031, 39070030
103165-044-001, 36804465
103165-044-002, 36804465
103165-044-003, 36804465
103165-044-004, 36804457
103165-044-005, 36804457
103165-044-006, 36804457
103165-044-007, 39070110
103165-044-008, 39070110
103165-044-009, 39070110
103165-044-010, 39962055
103165-044-011, 39962055
103165-044-012, 39942291
103165-044-013, 39963699
103165-044-014, 39787824
103165-044-015, 39948271
103165-044-016, 33544426
103165-044-017, 36132726
103165-044-018, 36804422
103165-044-019, 36804422
103165-044-020, 39941596
103165-045-001, 39058293
103165-045-002, 39058293
103165-045-003, 38887532
103165-045-004, 38887532
103165-045-005, 38887532
103165-045-006, 38887532
103165-045-007, 38887559
103165-045-008, 38887559
103165-045-009, 38887559
103165-046-001, 39072829
103165-046-002, 39971816
103165-046-003, 39971816
103165-046-004, 39072896
103165-046-005, 39072896
103165-047-001, 39774038
103165-047-002, 39774038
103165-047-003, 34169391
103165-047-004, 34169391
103165-047-005, 34169402
103165-047-006, 34169402
103165-047-007, 32773905
103165-047-008, 32773868
103943-003-001, 36407232
103943-003-002, 36689681
103943-003-003, 36689681
103943-003-004, 36689681
103943-003-005, 36689671
103943-003-006, 36689671
103943-003-007, 36689671
103943-003-008, 40391392
103943-003-009, 40247470
103943-003-010, 40391499
103943-004-001, 36689751
103943-004-002, 36689794
103943-004-003, 36689655
103943-004-004, 36689663
103943-004-005, 39122232
103943-004-006, 36785022
103943-004-007, 32812329
103943-004-008, 40273994
103943-005-001, 39072829
103943-005-002, 39971816
103943-005-003, 39971816
103943-005-004, 39072896
103943-005-005, 39072896
103943-006-001, 36689761
103943-006-002, 36689761
103943-006-003, 36689761
103943-006-004, 36689460
103943-006-005, 36689460
103943-006-006, 36689428
103943-006-007, 36689428
103943-006-008, 36689428
103943-007-001, 38599717
103943-007-002, 6167610
103943-007-003, 5750337
103943-007-004, 36143011
103943-007-005, 36143011
103943-007-006, 36143011
103943-007-007, 33315481
103943-007-008, 36689436
103943-007-009, 36689452
103943-007-010, 36689807
103943-007-011, 36689444
103942-008-001, 36689399
103942-008-002, 36689399
103942-008-003, 36689411
103942-008-004, 36689411
103942-008-005, 36689411
103942-008-006, 36689401
103942-008-007, 36689540
103942-008-008, 36689540
103942-008-009, 36689559
103942-008-010, 36689559
103942-008-011, 36689567
103942-008-012, 36689567
103942-008-013, 36689567
103942-008-014, 36689380
103943-009-001, 33314743
103943-009-002, 33314313
103943-009-003, 33314313
103943-009-004, 4969531
103943-009-005, 4969548
103943-009-006, 33360707
103943-010-001, 36689508
103943-010-002, 36689508
103943-010-003, 36689508
103943-010-004, 36689495
103943-010-005, 36689532
103943-010-006, 36689532
103943-010-007, 36689532
103943-010-008, 36689524
103943-010-009, 36689524
103943-010-010, 36689524
103943-010-011, 36689516
103943-010-012, 36689516
103943-010-013, 36689516
103943-011-001, 33837271
103943-011-002, 33837271
103943-011-003, 33837296
103943-011-004, 33837296
103943-011-005, 38589922
103943-011-006, 38589922
103943-011-007, 38589922
103943-011-008, 36689487
103943-011-009, 36689479
103943-011-010, 33544401
103943-011-011, 33816575
103943-011-012, 33816604
103943-011-013, 33816583
103943-013-001, 36552931
103943-013-002, 36552851
103943-013-003, 36552861
103943-013-004, 36552878
103943-013-005, 36689436
103943-013-006, 36689452
103943-013-007, 36689444
103943-013-008, 36689807
103943-013-009, 36810152
103943-013-010, 36810152
103943-013-011, 36810152
103943-013-012, 36810160
103943-013-013, 36810179
103943-013-014, 36810187
103943-015-001, 32653356
103943-015-002, 33580339
103943-015-003, 38667142
103943-015-004, 38653226
103943-015-005, 36807332
103943-015-006, 33134187
103943-015-007, 38912902
103943-015-008, 32949851
103943-017-001, 36810232
103943-017-002, 36810283
103943-017-003, 36810291
103943-017-004, 36689786
103943-017-005, 36783860
103943-018-001, 36810216
103943-018-002, 36783609
103943-018-003, 36783596
103943-018-004, 6190001
103943-018-005, 36783571
103943-018-006, 36783668
103943-018-007, 36783676
103943-018-008, 6189991
103943-019-003, 36109059
103943-019-004, 33837237
103943-019-005, 36109067
103943-019-006, 39959421
103943-019-007, 5378336
103943-020-001, 38911184
103943-020-002, 33610411
103943-020-003, 36109200
103943-020-004, 36109219
103943-021-002, 36638057
103943-021-003, 40383560
103943-021-004, 40383544
103943-022-001, 36783799
103943-022-002, 36783780
103943-022-003, 36783764
103943-022-004, 36783756
103943-022-005, 39563433
103943-029-001, 5674012
103943-029-002, 33487185
103943-029-003, 36557644
103943-029-004, 6013697
103943-029-005, 6013646
103943-029-006, 39580604
103943-030-001, 36783772
103943-030-002, 36783748
103943-030-003, 36783731
103943-030-004, 36783721
103943-030-005, 36783713
103943-030-006, 36552835
103943-030-007, 36552827
103943-030-008, 36552819
103943-030-009, 36552800
103943-030-010, 36552798
103943-030-011, 36552781
103943-030-012, 36552771
103943-030-013, 36552763
103943-030-014, 3655275
103943-031-001, 39987578
103943-031-002, 39985935
103943-031-003, 36810275
103943-033-001, 40002166
103943-035-001, 40002182
103943-036-001, 36552720
103943-036-002, 40002000
103943-036-003, 32869798
103943-036-004, 5378109
103943-037-001, 40002393
103943-037-002, 40002350
103943-037-003, 36552712
103943-038-001, 33610411
103943-038-003, 6184840
103943-038-004, 36292578
103943-038-005, 33312799
103943-038-006, 39363132
103943-039-005, 40002385
103943-039-006, 6189975
103943-039-007, 40001980
103943-041-001, 33588189
103943-041-002, 40292845
103943-041-003, 4225768
103943-041-004, 4160722
103943-041-005, 9308408
103943-041-006, 38913673
103943-041-007, 38912891
103943-041-008, 6013056
103943-041-009, 32663351
103943-041-010, 4150372
103943-044-001, 39081354
103943-044-002, 36107061
103943-044-003, 6013021
103943-044-004, 3013013
103943-044-005, 3013048
103943-044-006, 6013031
103943-044-007, 4160757
103943-044-008, 39476751
103943-044-009, 6013152
103943-044-010, 36378259
103943-044-011, 32691862
103943-050-001, 33284812
103943-050-002, 3264968
103943-050-003, 40250821
103943-050-004, 40009472
103943-050-005, 40009472
103943-050-006, 36364500
103943-050-007, 36417684
103943-050-008, 40732126
103943-050-009, 40732089
103943-050-010, 40732089
103943-050-011, 40732062
103943-050-012, 40002221
204656-001-001, 0134171342
204656-001-003, 036164946
204656-001-005, 0532653575
204656-001-006, 0633377023
204656-001-007, 0736143011
204656-001-008, 084245144
204656-001-009, 0939755224
204656-001-010, 104631731
204656-001-011, 114631741
204656-001-012, 1239122232
204656-001-013, 1336785022
104326-001-001, 41292433
104326-001-002, 32569883
104326-001-003, 33408918
104326-001-004, 33408950
104326-001-005, 6013136
104326-001-006, 40345003
104326-001-007, 6184138
104326-003-001, 32769703
104326-003-002, 6166386
104326-003-003, 6166394
104326-003-004, 6166351
104326-003-005, 39986161
104326-003-006, 6184121
104326-003-007, 6184138
104326-003-008, 39986153
104326-005-001, 6145382
104326-005-002, 6145374
104326-005-003, 6145366
104326-005-004, 6164399
104326-005-005, 6145421
104326-005-006, 6145446
104326-005-007, 6145438
104326-005-008, 6145403
104326-005-009, 6145390
104326-005-010, 6145411
104326-005-011, 6164841
104326-005-012, 6164858
104326-005-013, 6164866
104326-005-014, 6164874
104326-005-015, 6164882
104326-005-016, 6164890
104326-005-017, 6164903
104326-005-018, 6164911
104326-005-019, 6164921
104326-005-020, 6145016
104326-005-021, 6145024
104326-005-022, 6145032
104326-005-023, 6145040
104326-005-024, 6145059
104326-005-025, 6145067
104326-005-026, 6145075
104326-005-027, 6145083
104326-005-028, 6145091
104326-005-029, 6145104
104326-005-030, 6145112
104326-005-031, 6145120
104326-005-032, 6145139
104326-005-033, 6145147
104326-005-034, 6145155
104326-005-035, 6145691
104326-005-036, 6145681
104326-005-037, 6145673
104326-005-038, 6145630
104326-005-039, 6145649
104326-005-040, 6145614
104326-005-041, 6145489
104326-005-042, 6145501
104326-005-043, 6145470
104326-005-044, 6147812
104326-005-045, 6149842
104326-005-046, 6013056
104326-006-001, 06166327
104326-006-011, 6012336
104326-006-012, 6012336
104326-007-001, 39986217
104326-007-002, 39986225
104326-007-004, 20
104326-008-001, 20
104326-008-002, 20
104326-008-003, 20
104326-008-004, 20
104326-008-005, 20
104326-008-006, 20
104326-008-007, 20
104326-008-008, 20
104326-008-009, 20
104326-008-010, 20
104326-008-011, 20
104326-008-012, 20
104326-008-013, 20
104326-008-014, 20
104326-008-015, 20
104326-008-016, 20
104326-008-017, 20
104326-008-018, 20
104326-008-019, 20
104326-008-020, 20
104326-008-021, 20
104326-008-022, 20
104326-008-023, 20
104326-008-024, 20
104326-008-025, 20
104326-008-026, 20
104326-008-027, 20
104326-008-028, 20
104326-008-029, 20
104326-008-030, 20
104326-008-033, 36724852
104326-014-001, 40009579
104326-014-002, 33267596
104326-014-003, 6166361
104326-014-004, 33487185
104326-014-005, 41215083
104326-014-006, 38668719
104326-014-007, 41215075
104326-014-008, 36101241
104326-014-009, 32899663
104326-014-010, 6984274
104326-014-011, 33446447
104326-014-012, 40733452
104326-014-013, 40733444
104326-014-014, 32639108
104326-014-015, 40378964
104326-014-016, 40378931
104326-014-017, 41115525
104326-014-018, 32890490
104326-014-019, 40175163
104326-014-020, 32562323
104326-015-001, 6984274
104326-015-002, 40378964
104326-015-003, 40378931
104326-019-002, 6013056
104326-019-003, 6984274
104326-019-004, 40378964
104326-019-005, 40378931
104326-019-006, 6999961
104326-019-007, 6999961
104326-021-002, 40665808
104326-021-003, 32970693
104326-021-004, 40018125
104326-021-006, 41215470
104326-021-007, 32916224
104326-021-008, 33653665
104326-021-009, 33653673
104326-021-010, 33653622
104326-021-011, 33653649
104326-021-012, 33653657
104326-021-013, 33653681
104326-021-014, 6999961
104326-021-015, 41328336
104326-021-016, 6166378
104326-021-017, 33447677
104326-023-001, 5678670
104326-023-002, 39986241
104326-023-003, 41108499
104326-023-004, 6166247
104326-023-005, 6166255
104326-023-006, 6166263
104326-023-007, 6166298
104326-023-008, 6166281
104326-023-009, 6166271
104326-023-010, 32890546
104326-023-011, 40737445
104326-023-012, 39986372
104326-023-013, 39986364
104326-023-014, 39986411
104326-023-015, 38950951
104326-023-016, 40734682
104326-023-017, 41291844
104326-023-018, 6166220
104326-023-019, 6166239
104326-026-001, 33314217
104326-026-002, 32810198
104326-026-003, 38926749
104326-026-004, 38926730
104326-026-005, 33134734
104326-026-006, 33314331
104326-026-007, 33314241
104326-026-008, 33314225
104326-026-009, 33314233
104326-026-010, 33314251
104326-026-011, 38911600
104326-026-012, 38611667
104326-026-013, 33364660
104326-026-014, 39055746
104326-026-015, 32897756
104326-026-038, 6166829
104326-026-039, 6166837
104326-026-040, 6166845
104326-026-041, 6166853
104326-026-042, 6166861
104326-026-043, 6166871
104326-026-044, 6167119
104326-026-045, 6166810
104326-026-046, 6166773
104326-026-047, 6166781
104326-026-048, 6166791
104326-026-049, 6166802
104326-026-050, 6166765
104326-026-051, 6166589
104326-026-052, 6166597
104326-026-053, 6166601
104326-026-054, 6167100
104326-026-055, 6167098
104326-026-056, 6166888
104326-026-057, 6167081
104326-026-058, 6167063
104326-026-059, 6167055
104326-026-060, 6167047
104326-026-061, 6167071
104326-026-062, 6167039
104326-026-063, 6167020
104326-026-064, 6167012
104326-026-065, 6167004
104326-026-066, 6166992
104326-026-067, 6166984
104326-026-068, 6166976
104326-026-069, 6166968
104326-026-070, 6166951
104326-026-071, 6166941
104326-026-072, 6166933
104326-026-073, 6166925
104326-026-074, 6166917
104326-026-075, 6166909
104326-026-076, 6166896
104326-026-077, 6166757
104326-027-002, 41215083
104326-027-003, 41215083
104326-027-004, 41215083
104326-027-005, 41215083
104326-027-006, 41215083
104326-027-007, 41215083
104326-027-008, 41215083
104326-027-009, 41215083
104326-027-010, 41215083
104326-027-011, 41215083
104326-027-012, 41215083
104326-027-013, 41215083
104326-027-014, 41215083
104326-027-015, 41215083
104326-027-016, 41215083
104326-027-017, 41215083
104326-027-018, 41215083
104326-027-019, 41215083
104326-027-020, 41215083
104326-027-021, 41215083
104326-027-022, 41215083
104326-027-023, 41215083
104326-027-024, 41215083
104326-027-025, 41215083
104326-027-026, 41215083
104326-028-002, 32899161
104326-028-003, 41278113
104326-028-004, 38775768
104326-028-005, 38775768
104326-028-006, 38775768
104326-028-007, 38775768
104326-028-008, 6166212
104326-028-009, 33280715
104326-028-010, 40737445
104326-028-011, 41215251
104326-028-012, 4412741
104326-028-013, 32647722
104326-031-002, 40002019
104326-031-003, 41106792
104326-031-004, 41106784
104326-031-005, 40002086
104326-031-006, 40002094
104326-031-007, 40001964
104326-031-008, 40001817
104326-031-009, 40001753
104326-031-010, 41106813
104326-033-002, 4972392
104326-033-003, 36537563
104326-033-004, 40718439
104326-033-005, 41116941
104326-033-006, 40714251
104326-033-007, 5626231
104326-033-008, 39984141
104326-034-002, 39552689
104326-034-003, 39970848
104326-034-004, 39970813
104326-034-005, 39553112
104326-034-006, 39552654
104326-034-007, 38502751
104326-034-008, 41215323
104326-034-009, 40009704
104326-037-002, 40782061
104326-037-003, 38742683
104326-037-004, 6166124
104326-037-005, 6166319
104326-037-006, 6166343
104326-037-007, 38742739
104326-037-008, 39123921
104326-040-001, 39900532
104326-040-002, 41108448
104326-040-003, 41108421
104326-040-004, 41108384
104326-040-005, 40002289
104326-040-006, 40002270
104326-040-007, 39474756
104326-041-001, 40002342
104326-041-002, 5678461
104326-041-003, 6166132
104326-041-004, 39624005
104326-041-005, 6189983
104326-041-006, 6011069
104326-041-007, 6166116
104326-041-008, 6166108
104326-041-010, 39623563
104326-042-001, 9702383
104326-042-002, 20001286
104326-042-003, 20004098
104326-042-004, 3608193
104326-042-005, 3594692
104326-043-001, 5873919
104326-043-002, 4127375
104326-043-003, 2418611
104326-043-004, 6166167
104326-043-005, 6166175
104326-043-006, 4119842
104326-043-007, 6166159
104326-044-001, 40371287
104326-044-002, 6011077
104326-044-003, 41903361
104326-044-004, 36153666
104326-044-005, 40002318
104326-044-006, 41108317
104326-044-007, 41365727
104326-045-001, 6166319
104326-045-002, 6166319
104326-045-003, 36785022
104326-045-004, 36785022
104326-045-005, 41215251
104326-045-006, 41215251
104326-045-007, 6013072
104326-045-008, 6013072
104326-049-003, 6047459
104326-049-004, 38504618
104326-049-005, 39449980
104326-049-006, 39476719
104326-049-007, 40009464
104326-049-008, 6047440
104326-049-009, 32527405
104326-049-010, 32527747
104326-049-013, 41240537
104326-049-014, 6010947
104326-050-001, 6010947
104326-050-002, 6011050
104326-050-003, 6166079
104326-050-004, 6166087
104326-050-005, 40247470
104326-050-006, 40391499
104326-050-007, 6166060
104326-050-008, 38605371
104326-051-001, 38605371
104326-052-002, 40016293
104326-052-003, 32970538
104326-052-004, 38945781
104326-052-005, 41903329
104326-052-006, 41903310
104326-052-007, 39474811
104326-054-008, 3252341
104326-054-009, 6965006
104326-054-010, 6965006
104326-054-011, 6965006
104326-056-002, 38502698
104326-056-003, 38502698
104326-056-004, 38502719
104326-056-005, 38502719
104326-056-006, 39096820
104326-056-007, 39370316
104326-056-008, 39370316
104326-056-009, 39370324
104326-056-010, 39370324
104326-056-011, 38682844
104326-056-012, 38682844
104326-056-013, 32560889
104326-056-014, 32560889
104326-056-015, 39370498
104326-056-016, 39370498
104326-058-002, 40733444
104326-058-003, 38747433
104326-058-004, 36259532
104326-058-005, 39831602
104326-058-006, 39831602
104326-058-007, 40247470
104326-058-009, 33486465
104326-058-010, 40371211
104326-058-011, 6010875
104326-058-012, 6010876
104326-058-013, 41283721
104326-060-001, 39623598
104326-060-002, 39123948
104326-060-003, 42105169
104326-060-004, 6165965
104326-060-005, 41213467
104326-060-006, 33137994
104326-060-007, 39623635
104326-060-008, 39623651
104326-060-009, 39123956
104326-060-010, 39623661
104326-060-011, 39123972
104326-060-012, 38749869
104326-060-013, 39123964
104326-060-015, 39123980
104326-060-016, 4631053
104326-060-017, 38502663
104326-060-018, 41010231
104326-060-019, 32527472
104326-060-020, 39473761
104326-060-021, 40052382
104326-060-022, 38504618
104326-060-023, 38504626
104326-061-001, 40666800
104326-066-001, 39473526
104326-066-002, 40715537
104326-066-003, 38749051
104326-066-004, 39458473
104326-066-005, 33613331
104326-069-001, 6166749
104326-069-002, 6166730
104326-069-003, 6166722
104326-069-004, 6166714
104326-069-005, 6166706
104326-069-006, 6166570
104326-069-007, 6166562
104326-069-008, 6166554
104326-069-009, 6166546
104326-069-010, 6166538
104326-069-011, 6166521
104326-069-012, 6166511
104326-069-013, 6166503
104326-069-014, 6166490
104326-069-015, 6166482
104326-069-016, 6166474
104326-069-017, 6166466
104326-069-018, 6166458
104326-069-019, 6166618
104326-069-020, 6166441
104326-069-021, 6166431
104326-069-022, 6166423
104326-069-023, 6166415
104326-069-024, 6166407
104326-071-001, 6165930
104326-071-002, 6165922
104326-071-003, 6165914
104326-071-004, 6165906
104326-071-005, 6165893
104326-071-006, 6165885
104326-071-007, 6165877
104326-071-009, 6165850
104326-071-010, 6165842
104326-071-011, 6165834
104326-071-012, 6165826
104326-071-013, 6165818
104326-071-014, 6165801
104326-071-015, 6165797
104326-071-016, 6165789
104326-071-017, 6165770
104326-071-018, 6165762
104326-071-019, 6165754
104326-071-020, 6165746
104326-071-021, 6165738
104326-071-022, 6165721
104326-071-023, 6165711
104326-071-024, 6165703
104326-071-025, 6166693
104326-071-026, 6166677
104326-071-027, 6166685
104326-071-028, 6166669
104326-071-029, 6166650
104326-071-030, 6166642
104326-071-031, 6166634
104326-071-032, 6166626
104326-074-001, 32560926
104326-074-002, 40656207
104326-074-003, 38747433
104326-074-004, 41115269
104326-074-006, 6144339
104326-074-007, 6166378
104326-074-008, 6166378
104326-074-009, 41240596
104326-079-001, 6144312
104326-079-002, 41903361
104326-079-003, 4631053
104326-079-004, 6144312
104326-079-005, 41903361
104326-079-006, 4631053
104326-080-001, 41158496
104326-080-003, 34007753
104326-080-004, 41224182
104326-080-005, 6144312
104326-080-006, 32916347
104326-081-001, 40014951
104326-081-002, 41849246
104326-081-003, 36672281
104326-081-004, 42187731
104326-081-005, 33322761
104326-081-006, 40706999
104326-081-007, 40706972
104326-081-008, 41239210
104326-084-002, 5678347
104326-084-003, 4631088
104326-084-004, 4631088
104326-084-005, 6165981
104326-084-006, 6165981
104326-084-007, 6166001
104326-084-008, 6166036
104326-084-009, 6166044
104326-084-010, 6166052
104326-084-011, 5338254
104326-084-012, 6165674
104326-084-013, 5678312
104326-084-014, 6165973
104326-084-015, 6165991
104326-084-016, 6165991
104326-084-017, 4631125
104326-084-018, 4631125
104326-084-019, 5678128
104326-084-020, 5678419
104326-084-021, 4068416
104326-084-022, 6013072
104326-084-023, 5678371
104326-084-024, 5678381
104326-084-025, 5678400
104326-085-002, 32527579
104326-085-003, 38748938
104326-085-004, 7012143
104326-085-005, 7012151
104326-085-006, 33139914
104326-085-007, 32565292
104326-085-008, 32565305
104326-085-009, 39551854
104326-085-010, 32565321
104326-085-011, 32565348
104326-085-012, 32565331
104326-085-013, 32565356
104326-085-014, 32565364
104326-085-015, 38778311
104326-085-016, 33267596
104326-085-017, 40045529
104326-086-001, 39370316
104326-086-002, 6166060
104326-086-003, 6165658
104326-088-002, 33796455
104326-088-003, 33335974
104326-088-004, 33507811
104326-088-005, 33267596
104326-088-006, 6165658
104326-088-007, 40773526
104326-088-008, 40773542
104326-088-009, 5335571
104326-088-010, 5674960
104326-088-011, 4975501
104326-088-012, 32525127
104326-088-013, 4631053
104326-092-001, 41240617
104326-092-002, 41240609
104326-092-003, 38573867
104326-092-005, 41849334
104326-095-002, 41240625
104326-095-003, 40660759
104326-095-004, 41240633
104326-095-006, 33795807
104326-095-007, 39623661
104326-095-008, 40776962
104326-096-002, 40045377
104326-096-003, 41240238
104326-096-004, 42439476
104326-096-005, 40371211
104326-096-006, 40195236
104326-096-007, 36653468
104326-099-002, 39080685
104326-099-003, 61660111
104326-099-004, 38749721
104326-099-005, 41214523
104326-099-006, 38749463
104326-099-007, 38749850
104326-099-008, 32897019
104326-099-009, 32900230
104326-099-010, 41213598
104326-100-002, 5678304
104326-100-003, 5678291
104326-100-004, 5678283
104326-100-005, 5678275
104326-100-006, 5678267
104326-100-007, 5678259
104326-100-008, 5678240
104326-100-009, 5678224
104326-100-010, 5678232
104326-100-011, 5678216
104326-100-012, 5678216
104326-102-002, 39442084
104326-102-003, 42336637
104326-102-004, 41158496
104326-102-005, 41158496
104326-102-010, 41832081
104326-102-011, 41832073
104326-102-012, 41978961
104326-102-013, 41802683
104326-102-014, 41802579
104326-102-015, 41831994
104326-102-016, 41833738
104326-105-002, 40656207
104326-105-003, 4968262
104326-105-004, 4968254
104326-105-005, 4968246
104326-105-006, 4968221
104326-107-002, 39059130
104326-107-003, 32854852
104326-107-004, 36653881
104326-107-005, 36653468
104326-107-006, 3010992
104326-107-007, 3010992
104326-107-008, 3010992
104326-107-009, 4968190
104326-108-002, 41833893
104326-108-003, 41833906
104326-108-004, 41833914
104326-108-005, 41833922
104326-108-006, 41833930
104326-108-007, 41979261
104326-108-008, 41979518
104326-108-009, 41979501
104326-108-010, 41979454
104326-108-011, 41979462
104326-108-012, 41979446
104326-108-013, 41979403
104326-108-014, 41979497
104326-109-002, 41979470
104326-109-003, 41979421
104326-109-004, 41979438
104326-109-005, 41979411
104326-109-006, 41979489
104326-113-002, 39927313
104326-113-003, 5377464
104326-113-004, 39999691
104326-113-005, 41927902
104326-113-006, 39999624
104326-113-007, 32897027
104326-113-008, 41159720
104326-113-009, 41159253
104326-113-011, 39019913
104326-113-013, 4966910
104326-113-014, 4966929
104326-114-001, 4966929
104326-114-002, 33795786
104326-114-003, 32897860
104326-114-004, 39999608
104326-114-005, 41928104
104326-114-006, 40962749
104326-114-007, 41833754
104326-114-008, 41190373
104326-114-009, 41240684
104326-117-002, 33795735
104326-117-003, 33795735
104326-117-004, 33795735
104326-117-005, 33795735
104326-117-006, 33795735
104326-117-007, 33795735
104326-117-008, 33795735
104326-117-009, 33795735
104326-117-010, 33795735
104326-117-011, 33795735
104326-117-012, 41888712
104326-118-001, 41888712
104326-118-009, 40020794
104326-118-010, 41213125
104326-118-011, 40230820
104326-119-002, 40782061
104326-119-003, 36537563
104326-119-004, 33408918
104326-119-005, 4631002
104326-119-006, 4631037
104326-119-007, 40021439
104326-122-002, 39386019
104326-122-003, 41214291
104326-122-004, 67212921
104326-122-005, 40230732
104326-122-006, 41008789
104326-123-002, 40773526
104326-123-003, 40773526
104326-123-004, 41213598
104326-123-005, 41213598
104326-123-006, 41213598
104326-123-007, 41213598
104326-123-008, 41213598
104326-123-009, 41213598
104326-123-010, 41213598
104326-123-011, 41213598
104326-123-012, 41213598
104326-123-013, 41213598
104326-123-014, 41213598
104326-124-002, 38651722
104326-124-003, 41834140
104326-124-004, 42401275
104326-124-005, 36261739
104326-124-006, 3010992
104326-124-007, 42331713
104326-124-008, 4966769
104326-124-009, 42423773
104326-124-010, 41903548
104326-124-011, 39927356
104326-124-012, 39927348
104326-124-013, 39927321
104326-124-014, 39927321
104326-124-015, 39927321
104326-124-016, 39927321
104326-124-017, 39927321
104326-124-018, 39927331
104326-124-019, 39927331
104326-124-020, 39927331
104326-124-021, 39927331
104326-124-022, 40234477
104326-124-023, 40234477
104326-124-024, 40234485
104326-124-025, 40234485
104326-126-002, 39203403
104326-126-003, 39203390
104326-126-004, 39203411
104326-126-005, 39203382
104326-126-006, 39203438
104326-126-007, 39203446
104326-126-008, 39203454
104326-127-002, 39203403
104326-127-003, 39203390
104326-127-004, 39203411
104326-127-005, 39203382
104326-127-006, 39203438
104326-127-007, 39203446
104326-127-008, 39203454
104326-128-002, 40782061
104326-128-003, 36537563
104326-128-004, 33408918
104326-128-005, 4631002
104326-128-006, 4631037
104326-128-007, 40021439
104326-128-010, 6165615
104326-128-011, 6165607
104326-128-012, 41146575
104326-128-013, 5678339
104326-128-014, 5678320
104326-128-015, 41903531
104326-128-019, 6010779
104326-128-020, 6010787
104326-128-021, 6010795
104326-129-002, 33333081', '4967796
104326-129-004, 38853906', '42133645
104326-129-005, 42133653', '41903531
104326-130-002, 6013056
104326-130-003, 6984274
104326-130-004, 6166319
104326-130-005, 6010875
104326-130-006, 6013056
104326-130-007, 6984274
104326-130-008, 6166319
104326-130-009, 6010875
104326-129-003, 41008770
104326-133-002, 41260060
104326-133-003, 39927348
104326-133-004, 40028489
104326-133-005, 41771688
104326-133-006, 6010779
104326-133-007, 6010787
104326-133-008, 6010795
104326-133-009, 40713419
104326-133-010, 32743263
104326-133-011, 42401216
104326-134-002, 40230994
104326-134-003, 41158541
104326-134-004, 41760532
104326-134-005, 6249982
104326-134-006, 6249982
104326-134-007, 6249982
104326-134-008, 38852321
104326-136-001, 38852321
104326-136-002, 41211947
104326-136-003, 38880808
104326-136-004, 36557134
104326-136-005, 6010736
104326-136-006, 6010728
104326-136-007, 6010711
104326-136-008, 6010701
104326-136-009, 33579274
104326-136-010, 33195684
104326-137-001, 33195684
104326-137-002, 40044411
104326-137-003, 41213715
104326-137-004, 36172736
104326-137-005, 33139113
104326-137-006, 39927364
104326-137-007, 39927372
104326-137-008, 40234469
104326-137-009, 40234434
104326-137-010, 39927380
104326-137-011, 39927399
104326-137-012, 65435793
104326-142-002, 66013947
104326-142-003, 41780023
104326-142-004, 39302145
104326-142-005, 6374097
104326-142-006, 6373916
104326-142-007, 6374134
104326-142-008, 6374142
104326-142-009, 6374150
104326-142-010, 6374169
104326-142-011, 41990880
104326-142-012, 41927128
104326-142-013, 41927072
104326-142-014, 41926942
104326-142-015, 41834183
104326-142-016, 41990864
104326-143-002, 39971981
104326-143-003, 39971963
104326-143-004, 39971971
104326-143-005, 39971998
104326-143-006, 39972042
104326-143-007, 39972034
104326-143-008, 39972018
104326-143-009, 39972026
104326-143-010, 42447900
104326-143-011, 39019931
104326-143-012, 41782901
104326-143-013, 39474641
104326-143-014, 39474651
104326-143-015, 39095852
104326-143-016, 42446430
104326-144-001, 42446430
104326-144-002, 4966857
104326-144-003, 4966891
104326-144-004, 4966902
104326-144-005, 6249982
104326-144-006, 6249982
104326-144-007, 42425947
104326-144-008, 42425955
104326-144-009, 3294243
104326-147-001, 3294243
104326-147-002, 41776825
104326-147-003, 42284283
104326-147-004, 41776948
104326-147-005, 42457991
104326-147-006, 41780031
104326-147-007, 66206968
104326-147-008, 6374142
104326-147-009, 6374150
104326-147-010, 6374169
104326-149-002, 39927364
104326-149-003, 39927372
104326-149-004, 40234469
104326-149-005, 40234434
104326-149-006, 65634151
104326-149-007, 39038268
104326-149-008, 33364257
104326-149-009, 36124275
104326-150-002, 4631125
104326-150-003, 4631125
104326-150-004, 4631133
104326-150-005, 4631133
104326-150-006, 4631088
104326-150-007, 4631088
104326-150-008, 6165981
104326-150-009, 6165981
104326-150-010, 6165991
104326-150-011, 6165991
104326-150-012, 4631061
104326-150-013, 4631061
104326-150-014, 4631071
104326-150-015, 4631071
104326-150-016, 4631096
104326-150-017, 4631096
104326-150-018, 4631117
104326-150-019, 4631117
104326-150-020, 4631109
104326-150-021, 4631109
104326-150-022, 6165674
104326-150-023, 6010631
104326-151-002, 39972001
104326-151-003, 42458589
104326-151-004, 42425365
104326-151-005, 42425357
104326-151-006, 42425391
104326-151-007, 42425429
104326-151-008, 42425410
104326-151-009, 42425402
104326-151-010, 42425381
104326-151-011, 42425373
104326-151-012, 39971971
104326-151-013, 39971998
104326-151-014, 39972042
104326-151-015, 39972018
104326-151-016, 41903396
104326-152-002, 36648757
104326-152-003, 41927363
104326-152-004, 41927355
104326-152-005, 4233813
104326-152-006, 66081309
104326-152-007, 65634178
104326-152-008, 6374150
104326-153-002, 39927348
104326-153-003, 39927348
104326-154-001, 39927348
104326-154-002, 6249720
104326-154-003, 5678494
104326-154-004, 65634161
104326-154-005, 33614631
104326-154-006, 41927347
104326-154-007, 41927320
104326-154-008, 41927291
104326-154-009, 41928526
104326-156-002, 39720435
104326-156-003, 41006548
104326-156-004, 33614551
104326-156-005, 65958561
104326-156-006, 41854424
104326-156-007, 36648722
104326-156-008, 41927259
104326-156-009, 42039958
104326-158-002, 41310064
104326-158-003, 39792527
104326-158-004, 41847056
104326-158-005, 65634401
104326-158-006, 40111936
104326-158-007, 66091478
104326-158-008, 42328936
104326-159-002, 66047506
104326-159-003, 41973028
104326-159-004, 42446651
104326-159-005, 41146284
104326-159-006, 41146292
104326-159-007, 99909662
104326-159-012, 6249747
104326-159-013, 6249747
104326-162-002, 6249712
104326-162-003, 6249704
104326-162-004, 40363965
104326-162-005, 66047573
104326-162-006, 66046079
104326-162-007, 66046116
104326-162-008, 6124591
104326-162-009, 66046132
104326-162-010, 66046191
104326-162-011, 66046159
104326-162-012, 66046175
104326-162-013, 65661985
104326-162-014, 41780471
104326-163-002, 66010500
104326-163-003, 66010500
104326-164-002, 41834255
104326-164-003, 33339086
104326-164-004, 41146073
104326-164-005, 65662021
104326-164-006, 65662080
104326-165-002, 36124275
104326-165-003, 36124275
104326-166-002, 66209587
104326-166-003, 66209579
104326-166-004, 66209560
104326-166-005, 66209552
104326-167-002, 38851492
104326-167-003, 42401312
104326-167-004, 42335562
104326-167-005, 41903054
104326-167-006, 32769877
104326-168-002, 36124275
104326-168-003, 36124275
104326-169-002, 41856374
104326-169-003, 38746959
104326-169-004, 65662136
105447-001-002, 41160422
105447-001-003, 65662195
105447-001-004, 39030231
105447-001-005, 65426581
105447-001-006, 65439081
105447-001-007, 65967079
105447-001-008, 33551052
105447-003-002, 65662232
105447-003-004, 41834167
105447-003-005, 6374943
105447-003-006, 6374951
105447-006-002, 67211400
105447-006-003, 67211419
105447-006-004, 67211427
105447-006-005, 67211435
105447-006-006, 67211443
105447-006-007, 67211381
105447-006-008, 67211398
105447-006-009, 67211451
105447-006-010, 67210862
105447-006-011, 67210854
105447-006-012, 38980227
105447-006-013, 38980219
105447-006-014, 39010791
105447-007-002, 40238259
105447-007-003, 40238275
105447-007-004, 40238240
105447-007-005, 65439065
105447-007-006, 33322321
105447-008-002, 65662291
105447-008-003, 65662283
105447-008-004, 6249472
105447-008-005, 6249472
105447-008-006, 6249464
105447-008-007, 6249464
105447-008-008, 6249456
105447-008-009, 6249456
105447-008-010, 6249448
105447-008-011, 6249448
105447-008-012, 66091478
105447-009-002, 38561305
105447-009-003, 39623969
105447-009-004, 65636472
105447-009-005, 66046415
105447-009-006, 66043564
105447-013-002, 33322321
105447-013-003, 36779441
105447-013-004, 65479788
105447-013-005, 5377309
105447-013-006, 65207071
105447-013-007, 65207088
105447-013-008, 64976184
105447-013-009, 65377001
105447-014-002, 6375997
105447-014-003, 6376009
105447-014-004, 6376017
105447-014-005, 6376025
105447-014-006, 6376033
105447-014-007, 6376041
105447-014-008, 6376051
105447-014-009, 6376068
105447-014-010, 6376092
105447-014-011, 6376105
105447-014-012, 6376113
105447-015-002, 6249309
105447-015-003, 6249296
105447-015-004, 6249288
105447-015-005, 6249271
105447-015-006, 6249261
105447-015-007, 6249253
105447-015-008, 6249245
105447-015-009, 6249237
105447-016-002, 39984141
105447-016-003, 66403371
105447-016-004, 40662594
105447-016-005, 41780656
105447-016-006, 64977726
105447-016-007, 66046765
105447-016-008, 66046791
105447-020-001, 40662607
105447-020-002, 41866484
105447-020-003, 39789328
105447-020-004, 36261480
105447-020-005, 66048226
105447-020-006, 42449586
105447-020-007, 64882399
105447-020-008, 33455220
105447-021-002, 6175004
105447-021-003, 6174992
105447-021-004, 65494275
105447-022-002, 42449578
105447-022-003, 41161994
105447-022-004, 38926108
105447-022-005, 38676997
105447-023-002, 64977734
105447-023-003, 66048293
105447-023-004, 66048314
105447-023-005, 66048330
105447-023-006, 66048322
105447-025-006, 6010533
105447-027-002, 6374361
105447-027-003, 6374353
105447-027-004, 6374345
105447-027-005, 6374337
105447-027-006, 6374329
105447-027-007, 6374310
105447-027-008, 6374302
105447-027-009, 6374291
105447-027-010, 6374273
105447-027-011, 6374265
105447-027-012, 6374257
105447-027-013, 6374249
105447-027-014, 6374230
105447-027-015, 6374222
105447-027-016, 6374371
105447-027-017, 6374388
105447-027-018, 6374396
105447-027-019, 6374409
105447-027-020, 6374417
105447-027-021, 6374425
105447-028-002, 6374433
105447-028-003, 6374441
105447-028-004, 6374451
105447-028-005, 6374468
105447-028-006, 6374476
105447-028-007, 6374484
105447-028-008, 6374214
105447-028-009, 6374206
105447-028-010, 6374193
105447-028-011, 6374185
105447-028-012, 6374177
105447-028-013, 6374492
105447-028-014, 6374505
105447-028-015, 6374513
105447-028-016, 6374521
105447-028-017, 6374531
105447-028-018, 6374548
105447-028-019, 6374556
105447-028-020, 6374564
105447-028-021, 6374572
105447-029-002, 6374580
105447-029-003, 6374599
105447-029-004, 6374601
105447-029-005, 6165455
105447-029-006, 6165463
105447-029-007, 6165481
105447-029-008, 6165498
105447-029-009, 6165500
105447-029-010, 6165527
105447-029-011, 6165535
105447-029-012, 5674401
105447-029-013, 6374636
105447-029-014, 5674426
105447-029-015, 5674418
105447-029-016, 6374863
105447-029-017, 6374871
105447-029-018, 6374881
105447-029-019, 6374898
105447-029-020, 6374900
105447-029-021, 6374855
105447-029-022, 65421199
105447-029-023, 38573090
105447-029-024, 67213342
105447-029-025, 66602805
105447-029-026, 41888472
105447-029-027, 64976125
105447-029-028, 64976117
105447-029-029, 64977873
105447-030-002, 6374847
105447-030-003, 6374839
105447-030-004, 6167661
105447-030-005, 4101159
105447-030-006, 6167671
105447-030-007, 6374783
105447-030-008, 6374775
105447-030-009, 6374767
105447-030-010, 6374759
105447-030-011, 6374732
105447-030-012, 6374724
105447-030-013, 6374716
105447-030-014, 6374708
105447-030-015, 6374695
105447-030-016, 66409386
105447-030-017, 38858901
105447-030-018, 41992106
105447-031-002, 41992106
105447-031-003, 41992106
105447-031-004, 41992106
105447-031-005, 41992106
105447-031-006, 41992106
105447-031-007, 41992106
105447-031-008, 41992106
105447-031-009, 41992106
105447-031-010, 41992106
105447-031-011, 41992106
105447-031-012, 41992106
105447-031-013, 41992106
105447-031-014, 41992106
105447-031-015, 66726269
105447-031-016, 66726277
105447-031-017, 66726314
105447-031-018, 65209139
105447-031-019, 65208830
105447-031-020, 6376121
105447-031-021, 6376121
105447-031-022, 6376131
105447-031-023, 6376131
105447-031-024, 6376148
105447-031-025, 6376148
105447-033-002, 41902852
105447-033-003, 65209120
105447-033-004, 38677481
105447-033-005, 41777473
105447-033-006, 41777465
105447-033-007, 41777457
105447-033-008, 41777449
105447-035-002, 38582368
105447-035-003, 41995691
105447-035-004, 38858901
105447-035-005, 41760970
105447-035-006, 41777414
105447-038-002, 5909985
105447-038-003, 5909977
105447-038-004, 5909993
105447-038-005, 42334914
105447-038-006, 5909942
105447-038-007, 5909950
105447-038-008, 5909969
105447-039-002, 41939647
105447-039-003, 39990208
105447-039-004, 41760874
105447-039-005, 41760911
105447-039-006, 38582351
105447-039-007, 39380709
105447-039-008, 4812065
105447-039-009, 3181291
105447-039-010, 4969118
105447-039-011, 6010533
105447-039-012, 41292329
105447-039-013, 64976117
105447-039-014, 39380696
105447-041-002, 4414587
105447-041-003, 1451703
105447-041-004, 1477025
105447-041-005, 1458774
105447-041-006, 1459311
105447-041-007, 1450699
105447-041-008, 2068719
105447-041-009, 1056642
105447-041-010, 1451064
105447-041-011, 1471798
105447-041-012, 1459148
105447-041-013, 1458614
105447-041-014, 1056643
105447-042-002, 38740020
105447-042-003, 66015071
105447-042-004, 66015061
105447-042-005, 40696604
105447-042-006, 65149561
105447-042-007, 42446983
105447-042-008, 41902860
105447-042-009, 41902860
105447-042-010, 65359110
105447-042-011, 65359091
105447-042-012, 39622958
105447-042-013, 65494400
105447-044-002, 5909926
105447-044-003, 5909934
105447-044-004, 41761754
105447-044-005, 41761746
105447-044-006, 41761690
105447-044-007, 66200793
105447-044-008, 65259461
105447-044-009, 65359251
105447-044-010, 65359241
105447-044-011, 39771830
105447-044-012, 39203702
105447-045-002, 65359137
105447-045-003, 66256295
105447-045-004, 66256308
105447-045-005, 38681198
105447-045-006, 38681181
105447-045-007, 65998211
105447-045-008, 40231604
105447-045-009, 65359217
105447-045-010, 65359225
105447-045-011, 39555054
105447-045-012, 41236352
105447-045-013, 41939647
105447-046-002, 41782782
105447-046-003, 41782774
105447-046-004, 65358708
105447-046-005, 65358695
105447-046-006, 41936155
105447-046-007, 65998801
105447-046-008, 6010533
105447-047-002, 66602805
105447-047-003, 6010533
105447-047-004, 6010533
105447-048-002, 41902924
105447-048-003, 65748263
105447-048-004, 65359153
105447-048-005, 65359145
105447-048-006, 65358927
105447-048-007, 32575212
105447-048-008, 33109862
105447-048-009, 66019564
105447-048-010, 32527271
105447-048-011, 65635488
105447-048-012, 66129691
105447-048-013, 66129683
105447-048-014, 65358740
105447-048-015, 66129704
105447-048-016, 65358791
105447-048-017, 65358732
105447-048-018, 65358783
105447-048-019, 65358759
105447-048-020, 65358767
105447-048-021, 42036538
105447-050-002, 65257755
105447-050-003, 65257763
105447-050-004, 39203622
105447-050-005, 39203614
105447-050-006, 39203593
105447-050-007, 6376172
105447-050-008, 6376180
105447-050-009, 41761543
105447-050-010, 40732222
105447-050-011, 41761527
105447-052-002, 66015071
105447-052-003, 66015071
105447-052-004, 66015061
105447-052-005, 66015061
105447-052-007, 36755552
105447-052-008, 41254971
105447-054-002, 33267596
105447-054-003, 33267596
105447-054-004, 33267596
105447-054-005, 4812065
105447-054-006, 4812065
105447-054-007, 4812065
105447-054-008, 3181291
105447-054-009, 3181291
105447-054-010, 3181291
105447-054-011, 4969118
105447-054-012, 4969118
105447-054-013, 4969118
105447-054-014, 39386019
105447-054-015, 39386019
105447-054-016, 39386019
105447-054-017, 4972392
105447-054-018, 4972392
105447-054-019, 4972392
105447-054-020, 65149607
105447-054-021, 65161622
105447-054-022, 36261333
105447-054-023, 36648642
105447-054-024, 36553651
105447-054-025, 36553598
105447-054-026, 36553581
105447-054-027, 65493491
105447-055-002, 5909918
105447-055-003, 38858901
105447-055-004, 5379435
105447-055-005, 6184912
105447-057-002, 65493483
105447-057-003, 65149623
105447-057-004, 38548207
105447-057-005, 42141338
105447-057-006, 42141696
105447-057-007, 65149666
105447-057-008, 36260920
105447-060-002, 38681771
105447-060-003, 38853797
105447-060-004, 42447871
105447-060-005, 6937777
105447-060-006, 5857417
105447-060-007, 66446419
105447-060-008, 65350036
105447-061-002, 36553563
105447-061-003, 36817960
105447-061-004, 41010926
105447-061-005, 41010901
105447-061-006, 41010897
105447-061-007, 65556704
105447-062-001, 41938767
105447-062-002, 64832535
105447-062-003, 22005646
105447-062-004, 32854932
105447-064-002, 66015061
105447-064-003, 66015071
105447-065-010, 65261631
105447-065-011, 66129640
105447-065-012, 66812976
105447-065-013, 65493387
105447-065-014, 66743034
105447-065-015, 66743026
105447-065-016, 66742981
105447-068-002, 65261631
105447-068-003, 66129640
105447-068-004, 38621531
105447-068-005, 41938943
105447-068-006, 38681796
105447-068-007, 38681753
105447-068-008, 66693874
105447-070-002, 71873933
105447-070-003, 71874127
105447-070-004, 71874135
105447-070-005, 71874178
105447-070-006, 71874161
105447-070-007, 71874151
105447-070-008, 71874143
105447-071-002, 5909901
105447-071-003, 5909897
105447-071-004, 5909870
105447-071-005, 5909862
105447-071-006, 5909845
105447-071-007, 5909821
105447-071-008, 5909811
105447-071-009, 5909790
105447-071-010, 5909782
105447-071-011, 5909838
105447-071-012, 5909889
105447-071-013, 5909846
105447-073-002, 6010410
105447-073-003, 6010429
105447-073-004, 66742912
105447-073-005, 66742939
105447-073-006, 65473976
105447-073-007, 72199899
105447-073-008, 42457252
105447-073-009, 38572784
105447-075-002, 38681753
105447-075-003, 38681753
105447-075-004, 38681796
105447-075-005, 38681796
105447-075-006, 66742867
105447-075-007, 66742891
105447-075-008, 66742816
105447-076-002, 65633239
105447-076-003, 64832535
105447-076-004, 64832535
105447-077-002, 6376754
105447-077-003, 6376762
105447-077-004, 6376770
105447-077-005, 6376789
105976-001-001, 6376789
105976-001-002, 40275991
105976-001-003, 66206951
105976-001-004, 66720473
105976-001-005, 41902799
105976-001-006, 6248701
105976-001-007, 65633239
105976-002-001, 65633239
105976-002-002, 33267596
105976-002-003, 33267596
105976-002-004, 4812065
105976-002-005, 4812065
105976-002-006, 3181291
105976-002-007, 3181291
105976-002-008, 39386019
105976-002-009, 39386019
105976-002-010, 4972392
105976-002-011, 4972392
105976-004-002, 42067481
105976-004-003, 6934090
105976-004-004, 66742711
105976-004-005, 65089560
105976-004-006, 65089511
105976-004-007, 39986479
105976-005-002, 65093447
105976-005-003, 65425106
105976-005-004, 4165291
105976-005-005, 4165283
105976-005-006, 38594799
105976-005-007, 65149658
105976-005-008, 40021455
105976-005-009, 65089499
105976-007-002, 6206951
105976-007-003, 5998981
105976-007-004, 6079493
105976-007-005, 36654786
105976-007-006, 42036351
105976-007-007, 6376607
105976-007-008, 6376631
105976-007-009, 41938783
105976-007-010, 40009077
105976-007-011, 6230966
105976-007-012, 5904754
105976-007-013, 5904762
105976-007-014, 5904738
105976-007-015, 5904746
105976-007-016, 5904721
105976-007-017, 5904711
105976-007-018, 5904703
105976-007-019, 5904690
105976-007-020, 5904674
105976-007-021, 5904682
105976-007-022, 4119834
105976-007-023, 4200341
105976-007-024, 38676217
105976-009-002, 6376543
105976-009-003, 6376551
105976-009-004, 6376561
105976-009-005, 6376586
105976-009-006, 6376594
105976-009-007, 6376615
105976-009-008, 6376623
105976-010-002, 66551518
105976-010-003, 33977627
105976-010-004, 64970761
105976-010-005, 64970761
105976-010-006, 64973311
105976-011-002, 6376543
105976-011-003, 6376551
105976-011-004, 6376561
105976-011-005, 6376586
105976-011-006, 6376594
105976-011-007, 6376615
105976-011-008, 6376623
105976-011-009, 6376631
105976-011-010, 5335643
105976-011-011, 3072632
105976-011-012, 4495696
105976-011-013, 5377974
105976-011-014, 6010525
105976-011-015, 6047985
105976-011-016, 6169923
105976-011-017, 5378002
105976-011-018, 6010699
105976-011-019, 6184429
105976-011-021, 42167511
105976-011-022, 42166535
105976-011-023, 41787911
105976-011-024, 66551534
105976-011-025, 66551542
105976-012-002, 64849361
105976-012-003, 65853207
105976-012-004, 33977627
105976-012-005, 42036618
105976-012-006, 72399647
105976-012-007, 67281388
105976-012-008, 67281396
105976-012-009, 67281409
105976-012-010, 67281417
105976-012-011, 67281441
105976-012-012, 67281451
105976-012-013, 67281468
105976-012-014, 67281476
105976-012-015, 67281484
105976-012-016, 67392918
105976-012-017, 67368897
105976-014-010, 4969126
105976-014-011, 4969126
105976-014-012, 39615061
105976-014-013, 4719389
105976-014-014, 4719389
105976-014-015, 5622871
105976-014-016, 4344310
105976-014-017, 4310903
105976-014-018, 4969054
105976-014-019, 6009807
105976-014-020, 21006041
105976-015-004, 65633239
105976-015-005, 65633239
105976-015-006, 65633239
105976-015-007, 65633239
105976-015-008, 4969126
105976-015-009, 4969126
105976-016-004, 66047127
105976-016-007, 65633239
105976-016-008, 65633239
105976-016-009, 65633239
105976-016-010, 65633239
105976-016-011, 4719389
105976-016-012, 66551569
105976-017-002, 66601052
105976-017-003, 41874206
105976-017-004, 65758867
105976-017-005, 72672447
105976-017-006, 66041016
105976-017-007, 66722305
105976-017-008, 6377941
105976-017-009, 6377968
105976-017-010, 6377976
105976-017-011, 6377984
105976-019-002, 41856446
105976-019-003, 65083572
105976-019-004, 66045340
105976-019-005, 32872647
105976-019-006, 66597508
105976-019-007, 32769236
105976-019-008, 41902651
105976-021-002, 6174968
105976-021-003, 6174951
105976-021-004, 6174941
105976-021-005, 6174925
105976-021-006, 6174909
105976-021-007, 6174896
105976-023-002, 6248672
105976-023-003, 6248680
105976-023-005, 65083599
105976-023-007, 36415945
105976-023-008, 42402331
105976-023-009, 6248680
105976-023-010, 66128605
105976-023-011, 4416011
105976-023-012, 38774597
105976-023-013, 4719338
105976-023-014, 5335651
105976-023-015, 6248551
105976-023-016, 6248568
105976-023-017, 6248576
105976-023-018, 6248584
105976-023-019, 6248592
